City_ID,City,Country,Date,Lat,Lng,Max Temp,Humidity,Cloudiness,Wind Speed
0,Maxixe,MZ,2020-02-23 20:52:28,-23.86,35.35,78.39,80,100,29.24
1,Hof,DE,2020-02-23 20:52:29,50.32,11.92,51.8,93,90,21.92
2,Baykit,RU,2020-02-23 20:52:30,61.67,96.37,8.71,95,73,2.55
3,Kapaa,US,2020-02-23 20:51:55,22.08,-159.32,77.0,61,1,4.21
4,Hobyo,SO,2020-02-23 20:52:30,5.35,48.53,77.47,73,91,17.43
5,Broome,US,2020-02-23 20:52:31,42.25,-75.83,52.0,26,1,9.17
6,Nikolskoye,RU,2020-02-23 20:51:56,59.7,30.79,37.4,86,90,6.71
7,Husavik,IS,2020-02-23 20:52:31,66.04,-17.34,19.56,83,2,10.6
8,Goderich,CA,2020-02-23 20:52:32,43.75,-81.72,46.0,61,17,5.01
9,Mataura,NZ,2020-02-23 20:51:56,-46.19,168.86,57.99,85,77,5.99
10,Atuona,PF,2020-02-23 20:52:32,-9.8,-139.03,81.61,76,8,13.73
11,Rikitea,PF,2020-02-23 20:51:59,-23.12,-134.97,79.2,70,0,6.13
12,Vila Velha,BR,2020-02-23 20:52:32,-20.33,-40.29,77.0,69,90,14.99
13,Toamasina,MG,2020-02-23 20:51:57,-18.17,49.38,80.6,83,75,4.7
14,Codrington,AU,2020-02-23 20:52:33,-38.27,141.97,62.26,89,97,10.07
15,Yellowknife,CA,2020-02-23 20:50:43,62.46,-114.35,-4.0,63,20,6.93
16,Wagar,SD,2020-02-23 20:52:33,16.15,36.2,67.32,76,0,10.89
17,Avera,US,2020-02-23 20:52:33,33.19,-82.53,62.6,26,90,4.7
18,Busselton,AU,2020-02-23 20:47:48,-33.65,115.33,68.0,46,72,14.25
19,Ancud,CL,2020-02-23 20:52:34,-41.87,-73.82,60.8,59,75,16.11
20,Castro,BR,2020-02-23 20:50:10,-24.79,-50.01,67.93,78,90,2.66
21,Escarcega,MX,2020-02-23 20:52:34,18.61,-90.75,92.75,21,0,1.63
22,Sept-Iles,CA,2020-02-23 20:49:13,50.2,-66.38,33.01,86,75,6.93
23,Grand Gaube,MU,2020-02-23 20:52:35,-20.01,57.66,77.0,88,40,3.36
24,Albany,US,2020-02-23 20:52:04,42.6,-73.97,51.8,38,1,13.87
25,Kodiak,US,2020-02-23 20:51:52,57.79,-152.41,23.0,35,1,20.8
26,Vera Cruz,BR,2020-02-23 20:52:36,-12.63,-41.03,79.12,73,63,5.88
27,Buta,CD,2020-02-23 20:52:36,2.79,24.73,75.76,41,0,1.16
28,Dikson,RU,2020-02-23 20:51:58,73.51,80.55,28.47,92,100,27.6
29,Port Alfred,ZA,2020-02-23 20:52:01,-33.59,26.89,61.0,81,50,2.01
30,Khatanga,RU,2020-02-23 20:51:51,71.97,102.5,14.29,91,96,15.57
31,At-Bashi,KG,2020-02-23 20:52:37,41.17,75.81,8.6,74,100,6.24
32,Kaitangata,NZ,2020-02-23 20:52:37,-46.28,169.85,60.01,72,100,8.01
33,Fairbanks,US,2020-02-23 20:48:48,64.84,-147.72,0.0,83,40,3.36
34,Airai,TL,2020-02-23 20:52:00,-8.93,125.41,66.69,82,0,4.43
35,Dauriya,RU,2020-02-23 20:52:37,49.93,116.87,2.5,90,0,2.46
36,Saskylakh,RU,2020-02-23 20:52:38,71.92,114.08,5.74,91,100,8.63
37,Hualmay,PE,2020-02-23 20:52:38,-11.1,-77.61,80.71,53,81,8.34
38,Zyryanka,RU,2020-02-23 20:49:18,65.75,150.85,-11.83,98,100,2.08
39,Bredasdorp,ZA,2020-02-23 20:51:50,-34.53,20.04,66.2,55,0,11.41
40,Mahebourg,MU,2020-02-23 20:46:53,-20.41,57.7,77.0,88,40,3.36
41,Correntina,BR,2020-02-23 20:52:38,-13.34,-44.64,78.08,79,26,2.64
42,Barrow,US,2020-02-23 20:51:59,71.29,-156.79,-27.4,74,1,12.75
43,Lebu,CL,2020-02-23 20:52:39,-37.62,-73.65,63.63,63,0,9.86
44,Punta Arenas,CL,2020-02-23 20:51:51,-53.15,-70.92,55.4,62,75,32.21
45,Kitimat,CA,2020-02-23 20:48:47,54.05,-128.65,37.4,59,75,16.11
46,Sheridan,US,2020-02-23 20:52:39,44.83,-106.92,39.99,55,1,14.99
47,Shache,CN,2020-02-23 20:52:40,38.42,77.24,41.25,37,96,6.15
48,Mahina,PF,2020-02-23 20:52:40,-17.51,-149.49,87.8,66,20,16.11
49,Kruisfontein,ZA,2020-02-23 20:52:40,-34.0,24.73,56.48,78,0,4.38
50,Hilo,US,2020-02-23 20:52:05,19.73,-155.09,78.8,57,75,10.29
51,Cape Town,ZA,2020-02-23 20:50:03,-33.93,18.42,68.0,56,0,20.8
52,Bluff,NZ,2020-02-23 20:52:00,-46.6,168.33,57.99,85,66,5.99
53,Bubaque,GW,2020-02-23 20:51:50,11.28,-15.83,78.69,72,9,17.47
54,Esperance,AU,2020-02-23 20:52:41,-33.87,121.9,64.4,88,90,11.41
55,Coihaique,CL,2020-02-23 20:48:03,-45.58,-72.07,66.2,39,75,10.29
56,Jamestown,US,2020-02-23 20:49:56,42.1,-79.24,48.0,24,1,19.46
57,Tasiilaq,GL,2020-02-23 20:52:03,65.61,-37.64,12.2,66,60,17.22
58,Ribeira Grande,PT,2020-02-23 20:51:58,38.52,-28.7,60.8,72,75,6.93
59,Hobart,AU,2020-02-23 20:51:04,-42.88,147.33,57.99,76,75,4.7
60,Luderitz,NA,2020-02-23 20:52:42,-26.65,15.16,71.46,57,0,24.92
61,Cabedelo,BR,2020-02-23 20:51:51,-6.98,-34.83,84.2,70,0,13.87
62,Constitucion,CL,2020-02-23 20:52:43,-35.33,-72.42,61.25,82,67,6.71
63,Atar,MR,2020-02-23 20:52:43,20.52,-13.05,84.87,16,100,7.43
64,Strezhevoy,RU,2020-02-23 20:52:43,60.73,77.59,14.0,72,77,6.71
65,Kedrovyy,RU,2020-02-23 20:52:43,56.17,91.82,10.4,85,40,1.72
66,Jalu,LY,2020-02-23 20:52:44,29.03,21.55,56.89,40,87,13.44
67,Sao Sebastiao,BR,2020-02-23 20:52:44,-23.76,-45.41,76.19,69,100,16.08
68,Kita,ML,2020-02-23 20:52:44,13.03,-9.49,87.3,9,79,5.79
69,Mar Del Plata,AR,2020-02-23 20:50:39,-38.0,-57.56,77.0,50,40,12.75
70,Ushuaia,AR,2020-02-23 20:51:50,-54.8,-68.3,46.4,87,75,21.92
71,Pampa,US,2020-02-23 20:50:49,35.54,-100.96,75.0,43,75,20.8
72,Lompoc,US,2020-02-23 20:52:45,34.64,-120.46,64.99,55,1,5.82
73,Santiago,CL,2020-02-23 20:49:47,-33.46,-70.65,84.0,18,0,8.05
74,Praia,CV,2020-02-23 20:52:45,14.92,-23.51,69.8,73,75,18.34
75,Kavieng,PG,2020-02-23 20:52:45,-2.57,150.8,84.29,69,2,8.01
76,Namatanai,PG,2020-02-23 20:52:46,-3.67,152.43,83.97,75,39,10.16
77,Bitkine,TD,2020-02-23 20:52:46,11.98,18.21,77.27,12,0,10.89
78,Nazare,BR,2020-02-23 20:52:46,-13.04,-39.01,80.91,76,100,5.55
79,Opuwo,NA,2020-02-23 20:52:46,-18.06,13.84,72.63,34,63,10.85
80,Vaini,TO,2020-02-23 20:52:08,-21.2,-175.2,80.6,88,40,9.17
81,Victoria,HK,2020-02-23 20:51:32,22.29,114.16,68.0,63,20,27.51
82,Kahului,US,2020-02-23 20:50:26,20.89,-156.47,78.8,61,40,5.82
83,Nishihara,JP,2020-02-23 20:52:47,26.18,127.76,60.8,77,20,3.36
84,Kiruna,SE,2020-02-23 20:52:47,67.86,20.23,30.2,68,100,6.93
85,Kiunga,PG,2020-02-23 20:52:48,-6.12,141.29,73.76,99,96,1.92
86,La Ronge,CA,2020-02-23 20:51:59,55.1,-105.28,32.0,83,20,10.29
87,Guerrero Negro,MX,2020-02-23 20:52:48,27.98,-114.06,64.15,59,100,18.7
88,Vardo,NO,2020-02-23 20:52:48,70.37,31.11,26.6,86,75,11.41
89,Kargasok,RU,2020-02-23 20:52:48,59.06,80.86,3.0,90,0,6.64
90,Jiuquan,CN,2020-02-23 20:52:49,39.74,98.52,27.5,43,91,4.79
91,Ryotsu,JP,2020-02-23 20:52:49,38.08,138.43,33.8,86,75,3.36
92,Antofagasta,CL,2020-02-23 20:52:49,-23.65,-70.4,73.4,64,20,12.75
93,Pisco,PE,2020-02-23 20:52:49,-13.7,-76.22,79.0,30,40,10.29
94,Dalby,AU,2020-02-23 20:52:49,-27.18,151.27,66.99,100,75,6.93
95,Iqaluit,CA,2020-02-23 20:50:43,63.75,-68.51,-23.01,67,20,13.87
96,Ankara,TR,2020-02-23 20:48:38,39.92,32.85,41.0,75,75,3.22
97,Shinpokh,PK,2020-02-23 20:52:50,34.33,71.18,57.2,76,20,4.7
98,Sioux Lookout,CA,2020-02-23 20:50:52,50.1,-91.92,37.4,59,90,12.75
99,Zgierz,PL,2020-02-23 20:52:50,51.86,19.41,46.0,93,75,12.75
100,Bathsheba,BB,2020-02-23 20:52:51,13.22,-59.52,84.2,70,75,14.99
101,Salalah,OM,2020-02-23 20:52:09,17.02,54.09,75.2,78,0,3.36
102,Talnakh,RU,2020-02-23 20:52:51,69.49,88.4,15.8,85,75,29.08
103,Anadyr,RU,2020-02-23 20:52:51,64.75,177.48,-20.0,75,0,2.24
104,New Norfolk,AU,2020-02-23 20:52:08,-42.78,147.06,57.99,76,75,4.7
105,Souillac,MU,2020-02-23 20:52:02,-20.52,57.52,77.0,88,40,3.36
106,Hermanus,ZA,2020-02-23 20:52:10,-34.42,19.23,68.0,77,0,8.01
107,Sechura,PE,2020-02-23 20:52:52,-5.56,-80.82,74.28,84,2,15.14
108,Katsuura,JP,2020-02-23 20:52:52,35.13,140.3,42.8,41,40,9.17
109,Seddon,AU,2020-02-23 20:52:52,-37.81,144.89,66.0,93,75,6.93
110,Butaritari,KI,2020-02-23 20:51:51,3.07,172.79,84.88,77,76,12.91
111,Balkanabat,TM,2020-02-23 20:52:53,39.51,54.37,47.79,72,94,1.43
112,Rehoboth,NA,2020-02-23 20:52:53,-23.32,17.08,68.79,73,87,13.82
113,Elizabeth City,US,2020-02-23 20:52:53,36.29,-76.25,62.6,38,1,5.82
114,Sisimiut,GL,2020-02-23 20:52:53,66.94,-53.67,-2.88,73,100,3.67
115,Jamame,SO,2020-02-23 20:52:54,0.07,42.75,82.06,85,2,24.32
116,Hambantota,LK,2020-02-23 20:52:54,6.12,81.12,79.41,82,100,23.4
117,Basco,PH,2020-02-23 20:52:54,20.45,121.97,74.84,75,66,21.39
118,Eureka,US,2020-02-23 20:50:53,40.8,-124.16,57.0,76,90,2.17
119,Bunia,CD,2020-02-23 20:52:54,1.57,30.25,80.98,46,87,5.41
120,Sayyan,YE,2020-02-23 20:52:55,15.17,44.32,52.21,23,72,2.84
121,Dong Hoi,VN,2020-02-23 20:52:55,17.48,106.6,61.92,94,2,2.06
122,Kerema,PG,2020-02-23 20:52:55,-7.96,145.78,74.98,96,100,4.52
123,Puerto Ayora,EC,2020-02-23 20:52:08,-0.74,-90.35,84.2,74,20,10.29
124,Chuy,UY,2020-02-23 20:52:04,-33.7,-53.46,71.87,61,23,10.29
125,Saint-Pierre,RE,2020-02-23 20:52:56,-21.34,55.48,75.2,78,0,4.7
126,Pangnirtung,CA,2020-02-23 20:52:56,66.15,-65.71,-31.0,66,20,2.24
127,Kamaishi,JP,2020-02-23 20:52:56,39.27,141.88,32.02,58,0,3.4
128,Yulara,AU,2020-02-23 20:52:57,-25.24,130.99,71.6,28,0,6.93
129,Meulaboh,ID,2020-02-23 20:52:07,4.14,96.13,81.03,81,5,7.7
130,Petropavlovsk-Kamchatskiy,RU,2020-02-23 20:52:00,53.05,158.65,19.4,62,40,11.18
131,Dana Point,US,2020-02-23 20:52:29,33.47,-117.7,66.0,72,90,3.36
132,Jombang,ID,2020-02-23 20:52:57,-7.55,112.23,73.47,95,23,1.99
133,Teguise,ES,2020-02-23 20:52:58,29.06,-13.56,71.6,56,100,16.11
134,Bud,US,2020-02-23 20:52:58,39.45,-86.18,55.99,55,1,11.41
135,Tuktoyaktuk,CA,2020-02-23 20:52:58,69.45,-133.04,-5.8,76,90,18.34
136,Madimba,TZ,2020-02-23 20:52:58,-10.4,40.33,82.4,83,75,14.99
137,Cherskiy,RU,2020-02-23 20:52:59,68.75,161.3,-27.56,89,48,6.17
138,Sakakah,SA,2020-02-23 20:52:59,29.97,40.21,62.6,27,100,9.17
139,Avarua,CK,2020-02-23 20:52:01,-21.21,-159.78,80.6,88,100,3.36
140,Fort Myers Beach,US,2020-02-23 20:52:12,26.45,-81.95,81.0,44,1,8.05
141,Mangan,IN,2020-02-23 20:52:59,27.52,88.53,38.46,76,85,7.43
142,Torbay,CA,2020-02-23 20:52:07,47.67,-52.73,34.0,81,20,18.34
143,Gambela,ET,2020-02-23 20:53:00,8.25,34.58,78.82,57,86,3.56
144,Caravelas,BR,2020-02-23 20:53:00,-17.71,-39.25,79.25,85,100,14.43
145,Port-Cartier,CA,2020-02-23 20:53:01,50.03,-66.87,33.01,86,75,6.93
146,Pevek,RU,2020-02-23 20:53:01,69.7,170.31,-13.94,99,100,5.64
147,Norman Wells,CA,2020-02-23 20:53:01,65.28,-126.83,5.0,77,40,9.17
148,Severo-Kurilsk,RU,2020-02-23 20:53:01,50.68,156.12,24.21,95,100,35.48
149,Sorland,NO,2020-02-23 20:53:02,67.67,12.69,32.0,62,75,32.21
150,Kuytun,RU,2020-02-23 20:53:02,54.34,101.5,1.24,99,23,1.97
151,Waipawa,NZ,2020-02-23 20:53:02,-41.41,175.52,64.99,82,28,6.93
152,Sitka,US,2020-02-23 20:52:07,57.05,-135.33,33.8,93,90,10.29
153,Upernavik,GL,2020-02-23 20:52:00,72.79,-56.15,-17.82,81,0,7.31
154,Nantucket,US,2020-02-23 20:53:03,41.28,-70.1,48.2,75,1,13.87
155,Bambous Virieux,MU,2020-02-23 20:53:03,-20.34,57.76,77.0,88,40,3.36
156,Tezu,IN,2020-02-23 20:53:03,27.92,96.17,60.64,47,0,2.8
157,Leshukonskoye,RU,2020-02-23 20:53:03,64.9,45.76,31.96,95,100,15.97
158,Faya,SA,2020-02-23 20:53:04,18.39,42.45,64.4,39,75,9.17
159,Osypenko,UA,2020-02-23 20:53:04,46.91,36.83,40.32,83,100,20.98
160,Dhidhdhoo,MV,2020-02-23 20:53:04,6.88,73.1,81.93,78,100,8.86
161,Sire,NG,2020-02-23 20:53:04,12.93,5.2,80.76,11,0,14.16
162,Ahipara,NZ,2020-02-23 20:51:54,-35.17,173.17,70.0,86,0,1.01
163,Carnarvon,AU,2020-02-23 20:52:02,-24.87,113.63,71.6,83,0,5.82
164,Bima,ID,2020-02-23 20:53:05,-8.47,118.72,71.49,97,32,1.63
165,Klaksvik,FO,2020-02-23 20:53:05,62.23,-6.59,35.6,55,25,25.28
166,Longyearbyen,SJ,2020-02-23 20:52:03,78.22,15.64,-4.0,76,20,10.29
167,Palmer,US,2020-02-23 20:53:06,42.16,-72.33,55.4,25,40,11.41
168,Aklavik,CA,2020-02-23 20:53:06,68.22,-135.01,-2.2,77,75,4.7
169,Turukhansk,RU,2020-02-23 20:53:06,65.82,87.98,13.62,94,100,13.04
170,Yarmouth,US,2020-02-23 20:53:06,41.71,-70.23,53.01,31,1,13.87
171,Havre-Saint-Pierre,CA,2020-02-23 20:53:07,50.23,-63.6,30.2,92,90,4.7
172,Yar-Sale,RU,2020-02-23 20:53:07,66.83,70.83,29.5,84,100,27.89
173,Salto,UY,2020-02-23 20:53:07,-31.38,-57.97,81.0,44,0,8.05
174,Aksu,CN,2020-02-23 20:53:07,41.12,80.26,37.27,45,96,4.34
175,Amahai,ID,2020-02-23 20:53:07,-3.33,128.92,81.12,71,68,23.0
176,Thompson,CA,2020-02-23 20:53:08,55.74,-97.86,17.6,67,90,5.82
177,The Valley,AI,2020-02-23 20:50:44,18.22,-63.06,82.4,65,40,5.82
178,Noshiro,JP,2020-02-23 20:53:08,40.2,140.02,40.78,59,67,18.23
179,Cabo San Lucas,MX,2020-02-23 20:50:02,22.89,-109.91,82.4,44,40,10.29
180,Cidreira,BR,2020-02-23 20:53:08,-30.18,-50.21,71.91,73,1,17.29
181,Ulladulla,AU,2020-02-23 20:53:09,-35.35,150.47,70.0,77,13,8.05
182,Necochea,AR,2020-02-23 20:53:09,-38.55,-58.74,84.99,20,0,8.01
183,Kuloy,RU,2020-02-23 20:53:09,61.03,42.49,31.41,95,100,8.95
184,High Level,CA,2020-02-23 20:53:09,58.52,-117.14,30.2,46,20,8.05
185,Port Elizabeth,ZA,2020-02-23 20:52:02,-33.92,25.57,59.0,77,0,2.24
186,Nanortalik,GL,2020-02-23 20:53:10,60.14,-45.24,27.72,79,100,1.72
187,Dingle,PH,2020-02-23 20:53:10,11.0,122.67,72.07,92,58,11.05
188,Beringovskiy,RU,2020-02-23 20:53:10,63.05,179.32,-12.48,87,1,3.53
189,Polyarnyy,RU,2020-02-23 20:53:11,69.2,33.45,26.6,92,75,2.24
190,Storforshei,NO,2020-02-23 20:53:11,66.4,14.52,32.0,96,75,21.92
191,Mezen,RU,2020-02-23 20:53:11,65.85,44.24,31.82,89,100,19.66
192,Fayaoue,NC,2020-02-23 20:53:11,-20.65,166.53,79.3,75,2,15.35
193,Qaanaaq,GL,2020-02-23 20:51:55,77.48,-69.36,-19.41,68,0,7.14
194,Rantepao,ID,2020-02-23 20:53:12,-2.97,119.9,67.89,98,100,0.6
195,Innisfail,AU,2020-02-23 20:53:12,-17.53,146.03,72.0,96,70,2.84
196,Provideniya,RU,2020-02-23 20:53:12,64.38,-173.3,-6.63,70,0,2.08
197,Tessalit,ML,2020-02-23 20:53:12,20.2,1.01,75.63,13,4,13.02
198,Saint Anthony,US,2020-02-23 20:53:12,45.02,-93.22,44.6,48,1,12.75
199,Orbetello,IT,2020-02-23 20:53:13,42.44,11.22,50.0,87,51,4.7
200,Fenoarivo,MG,2020-02-23 20:53:13,-18.93,47.44,68.0,94,75,8.05
201,Warmbad,NA,2020-02-23 20:53:13,-28.45,18.73,79.75,20,0,10.22
202,Mosjoen,NO,2020-02-23 20:53:13,65.84,13.19,35.6,55,40,9.17
203,Kapit,MY,2020-02-23 20:53:14,2.02,112.93,70.84,99,96,0.92
204,Alofi,NU,2020-02-23 20:51:46,-19.06,-169.92,80.76,83,100,11.16
205,Flin Flon,CA,2020-02-23 20:53:14,54.77,-101.86,33.8,59,40,9.17
206,Vitim,RU,2020-02-23 20:53:14,59.45,112.56,12.94,95,100,5.26
207,Marquette,US,2020-02-23 20:53:15,46.53,-87.63,50.0,37,5,24.16
208,Jhansi,IN,2020-02-23 20:53:15,25.43,78.58,62.42,64,0,5.73
209,Sao Fidelis,BR,2020-02-23 20:53:15,-21.65,-41.75,78.8,61,98,9.17
210,Kyren,RU,2020-02-23 20:53:15,51.68,102.14,3.9,96,100,0.63
211,Bridlington,GB,2020-02-23 20:53:16,54.08,-0.19,42.01,75,29,13.87
212,Whitehorse,CA,2020-02-23 20:50:43,60.72,-135.05,23.0,73,90,6.93
213,Hithadhoo,MV,2020-02-23 20:52:30,-0.6,73.08,83.41,76,92,13.69
214,Aberdeen,GB,2020-02-23 20:53:16,57.14,-2.1,39.2,69,4,13.87
215,Sola,VU,2020-02-23 20:53:17,-13.88,167.55,83.14,77,20,14.7
216,Rosehearty,GB,2020-02-23 20:53:17,57.7,-2.11,39.2,69,23,13.87
217,Kulhudhuffushi,MV,2020-02-23 20:53:17,6.62,73.07,81.81,76,100,11.65
218,Taoudenni,ML,2020-02-23 20:53:17,22.68,-3.98,78.84,9,65,18.07
219,Bilibino,RU,2020-02-23 20:53:17,68.05,166.44,-31.63,98,40,2.42
220,Cozumel,MX,2020-02-23 20:51:48,20.51,-86.95,81.0,61,75,9.17
221,Dunedin,NZ,2020-02-23 20:53:18,-45.87,170.5,63.0,66,46,3.0
222,Mirnyy,RU,2020-02-23 20:53:18,62.54,113.96,-0.4,84,75,8.95
223,Bethel,US,2020-02-23 20:53:18,41.37,-73.41,55.0,20,1,13.87
224,Chifeng,CN,2020-02-23 20:53:18,42.27,118.96,26.33,73,69,4.16
225,Rong Kwang,TH,2020-02-23 20:53:19,18.34,100.32,63.36,59,0,1.83
226,Sault Sainte Marie,CA,2020-02-23 20:51:18,46.52,-84.33,41.0,69,40,12.75
227,Isiro,CD,2020-02-23 20:53:19,2.77,27.62,74.93,53,3,2.19
228,Cartagena Del Chaira,CO,2020-02-23 20:53:19,1.33,-74.84,81.16,76,100,6.73
229,Suntar,RU,2020-02-23 20:53:19,62.14,117.63,-6.92,95,72,4.7
230,Kutum,SD,2020-02-23 20:53:20,14.2,24.67,58.84,24,0,6.89
231,San Patricio,MX,2020-02-23 20:53:20,19.22,-104.7,84.2,74,5,13.87
232,Batagay-Alyta,RU,2020-02-23 20:53:20,67.8,130.41,-19.79,68,0,3.87
233,Arraial Do Cabo,BR,2020-02-23 20:48:38,-22.97,-42.03,77.0,65,75,4.7
234,Sao Felix Do Xingu,BR,2020-02-23 20:53:20,-6.64,-51.99,78.17,94,100,1.19
235,Miyako,JP,2020-02-23 20:53:21,39.64,141.95,32.02,58,0,3.4
236,Lazaro Cardenas,MX,2020-02-23 20:53:21,17.96,-102.2,83.91,57,0,7.87
237,Washougal,US,2020-02-23 20:48:30,45.58,-122.35,52.0,50,75,9.17
238,Lorengau,PG,2020-02-23 20:52:11,-2.02,147.27,83.32,71,72,5.12
239,Sao Filipe,CV,2020-02-23 20:53:21,14.9,-24.5,68.41,83,23,16.4
240,Ilulissat,GL,2020-02-23 20:53:22,69.22,-51.1,-4.0,53,0,8.05
241,Ler,SS,2020-02-23 20:53:22,8.3,30.14,86.47,12,73,3.51
242,Hasaki,JP,2020-02-23 20:51:54,35.73,140.83,33.01,33,20,2.24
243,Lagoa,PT,2020-02-23 20:53:22,39.05,-27.98,60.49,79,4,12.68
244,Leningradskiy,RU,2020-02-23 20:53:22,69.38,178.42,-14.89,72,100,5.88
245,Gandorhun,SL,2020-02-23 20:53:23,7.5,-11.83,80.76,77,14,7.45
246,Ponta Do Sol,PT,2020-02-23 20:52:06,32.67,-17.1,68.0,42,20,18.34
247,Richards Bay,ZA,2020-02-23 20:53:23,-28.78,32.04,74.25,65,38,24.05
248,Moreno Valley,US,2020-02-23 20:48:25,33.94,-117.23,66.0,62,90,3.36
249,Kalmunai,LK,2020-02-23 20:53:23,7.42,81.82,80.26,79,97,15.41
250,Yining,CN,2020-02-23 20:53:24,29.04,114.56,53.46,88,95,1.9
251,Akyab,MM,2020-02-23 20:53:24,20.15,92.9,69.96,55,0,6.69
252,Saint-Joseph,RE,2020-02-23 20:53:24,-21.37,55.62,75.2,78,0,4.7
253,Constantine,DZ,2020-02-23 20:53:24,36.37,6.61,46.4,75,0,6.93
254,Geraldton,AU,2020-02-23 20:53:24,-28.77,114.6,71.6,94,0,5.82
255,Saldanha,ZA,2020-02-23 20:53:25,-33.01,17.94,73.4,43,0,6.93
256,Rio Gallegos,AR,2020-02-23 20:53:25,-51.62,-69.22,64.4,31,75,18.34
257,Huescar,ES,2020-02-23 20:53:25,37.81,-2.54,53.01,62,0,1.3
258,Beloha,MG,2020-02-23 20:51:57,-25.17,45.05,76.28,89,100,3.83
259,Fergus Falls,US,2020-02-23 20:53:26,46.28,-96.08,37.4,74,1,14.99
260,Broken Hill,AU,2020-02-23 20:53:26,-31.95,141.43,68.0,68,44,10.29
261,Bang Saphan,TH,2020-02-23 20:53:26,11.21,99.51,76.06,78,0,1.63
262,Pacific Grove,US,2020-02-23 20:53:26,36.62,-121.92,62.01,62,100,6.93
263,Tuatapere,NZ,2020-02-23 20:53:27,-46.13,167.68,57.99,85,72,5.99
264,Conde,BR,2020-02-23 20:50:48,-7.26,-34.91,84.2,70,0,13.87
265,Manggar,ID,2020-02-23 20:53:27,-2.88,108.27,82.13,81,48,19.42
266,Praia Da Vitoria,PT,2020-02-23 20:53:27,38.73,-27.07,59.0,77,20,7.14
267,Lahij,YE,2020-02-23 20:53:27,13.17,44.58,71.29,81,39,10.98
268,Russkaya Polyana,UA,2020-02-23 20:53:28,49.42,31.92,39.67,84,100,6.96
269,Ransang,PH,2020-02-23 20:53:28,8.96,117.58,78.75,72,0,6.73
270,Pogradec,AL,2020-02-23 20:53:28,40.9,20.65,33.8,74,94,3.36
271,Sistranda,NO,2020-02-23 20:53:28,63.73,8.83,35.6,80,75,10.29
272,Ajaccio,FR,2020-02-23 20:53:29,42.0,8.92,62.6,87,75,6.93
273,Ginda,IN,2020-02-23 20:53:29,30.69,78.49,41.47,69,0,6.08
274,Alice,US,2020-02-23 20:53:29,27.75,-98.07,82.4,60,90,12.75
275,Ca Mau,VN,2020-02-23 20:50:15,9.18,105.15,74.05,72,0,7.74
276,Zheleznodorozhnyy,RU,2020-02-23 20:50:38,55.75,38.0,37.0,80,75,11.18
277,Lidzbark Warminski,PL,2020-02-23 20:53:30,54.13,20.58,37.53,96,100,9.91
278,Egvekinot,RU,2020-02-23 20:53:30,66.32,-179.17,-29.07,88,0,1.74
279,Buritis,BR,2020-02-23 20:53:30,-15.62,-46.42,78.35,78,99,3.33
280,Khorixas,NA,2020-02-23 20:53:30,-20.37,14.97,77.76,42,100,7.2
281,Georgetown,MY,2020-02-23 20:53:31,5.41,100.34,80.01,69,20,6.93
282,Martil,MA,2020-02-23 20:53:31,35.62,-5.28,59.0,87,75,8.05
283,Lebedinyy,RU,2020-02-23 20:53:31,58.52,125.52,8.1,96,100,3.98
284,Krasnyy Bogatyr,RU,2020-02-23 20:53:31,56.01,41.13,29.7,94,75,8.43
285,Paamiut,GL,2020-02-23 20:53:32,61.99,-49.67,16.54,65,100,5.82
286,Faanui,PF,2020-02-23 20:51:56,-16.48,-151.75,82.76,72,55,11.88
287,Vila Franca Do Campo,PT,2020-02-23 20:53:32,37.72,-25.43,57.2,87,20,1.12
288,Dubti,ET,2020-02-23 20:53:32,11.74,41.09,78.82,44,29,7.94
289,Sungairaya,ID,2020-02-23 20:53:33,0.7,108.9,73.9,96,72,5.01
290,Baiquan,CN,2020-02-23 20:53:33,47.58,126.08,4.39,96,30,8.43
291,Hondo,JP,2020-02-23 20:53:33,32.45,130.2,42.01,70,0,3.0
292,Maceio,BR,2020-02-23 20:53:33,-9.67,-35.74,84.2,74,60,14.99
293,Belyy Yar,RU,2020-02-23 20:53:34,53.6,91.39,8.6,84,100,2.24
294,Toora-Khem,RU,2020-02-23 20:53:34,52.47,96.11,8.22,97,93,2.26
295,Obo,CF,2020-02-23 20:53:34,5.4,26.49,76.95,17,4,5.97
296,Tura,IN,2020-02-23 20:53:34,25.52,90.22,66.15,51,33,2.24
297,Southbridge,US,2020-02-23 20:49:19,42.08,-72.03,53.6,29,1,14.99
298,Gravdal,NO,2020-02-23 20:53:35,68.12,13.5,32.0,66,75,32.21
299,Tefe,BR,2020-02-23 20:51:04,-3.35,-64.71,93.2,63,40,2.24
300,Riacho De Santana,BR,2020-02-23 20:53:35,-13.61,-42.94,87.8,62,100,6.93
301,Bengkulu,ID,2020-02-23 20:53:35,-3.8,102.27,74.08,89,3,4.56
302,Narsaq,GL,2020-02-23 20:52:07,60.92,-46.05,24.8,53,100,9.17
303,Yerbogachen,RU,2020-02-23 20:53:36,61.28,108.01,18.16,93,100,11.1
304,Povenets,RU,2020-02-23 20:53:36,62.85,34.83,32.56,88,100,9.57
305,Kamenka,RU,2020-02-23 20:53:36,51.32,42.77,33.01,97,100,7.0
306,Saint-Philippe,RE,2020-02-23 20:51:52,-21.36,55.77,75.2,78,0,4.7
307,Mahbubnagar,IN,2020-02-23 20:53:36,16.73,77.98,68.99,69,37,4.9
308,Hoi An,VN,2020-02-23 20:53:37,15.88,108.33,64.4,93,20,11.34
309,Lima,PE,2020-02-23 20:51:31,-12.04,-77.03,84.2,62,26,12.75
310,Pemangkat,ID,2020-02-23 20:53:37,1.17,108.97,76.12,91,100,10.02
311,Basoko,CD,2020-02-23 20:53:37,1.24,23.62,76.71,59,22,3.49
312,Port-Gentil,GA,2020-02-23 20:53:37,-0.72,8.78,82.4,88,20,4.7
313,Te Anau,NZ,2020-02-23 20:50:03,-45.42,167.72,52.12,72,2,2.98
314,Gobabis,NA,2020-02-23 20:52:01,-22.45,18.97,63.16,85,87,4.07
315,Jining,CN,2020-02-23 20:53:38,35.41,116.58,55.0,23,100,7.9
316,Vertientes,CU,2020-02-23 20:53:38,21.26,-78.15,71.6,94,75,10.29
317,Adelaide,AU,2020-02-23 20:50:42,-34.93,138.6,73.0,60,88,3.36
318,Juba,SS,2020-02-23 20:53:39,4.85,31.58,84.9,41,0,2.91
319,Lavrentiya,RU,2020-02-23 20:53:39,65.58,-171.0,-7.56,75,0,5.14
320,Celestun,MX,2020-02-23 20:53:39,20.87,-90.4,72.54,74,0,16.73
321,Alekseyevsk,RU,2020-02-23 20:53:39,57.84,108.35,11.53,96,95,4.61
322,Merauke,ID,2020-02-23 20:53:40,-8.47,140.33,75.51,98,100,4.9
323,Rognan,NO,2020-02-23 20:53:40,67.1,15.39,35.01,86,75,24.16
324,Inhambane,MZ,2020-02-23 20:53:40,-23.86,35.38,78.39,80,100,29.24
325,Meghri,AM,2020-02-23 20:53:40,38.9,46.24,30.33,87,34,5.44
326,Vila,PT,2020-02-23 20:53:41,42.03,-8.16,59.0,76,0,3.36
327,Kununurra,AU,2020-02-23 20:53:41,-15.77,128.73,77.0,88,78,4.29
328,Farah,AF,2020-02-23 20:53:41,32.5,62.5,60.28,49,44,0.47
329,Corrente,BR,2020-02-23 20:53:41,-3.74,-43.34,78.06,95,42,3.13
330,Isangel,VU,2020-02-23 20:52:07,-19.55,169.27,73.4,94,20,14.54
331,Zlatna,RO,2020-02-23 20:53:42,46.12,23.22,46.4,83,40,19.46
332,Moscow,RU,2020-02-23 20:53:15,55.75,37.62,37.0,89,75,13.42
333,Nago,JP,2020-02-23 20:53:42,26.59,127.98,60.8,77,20,3.36
334,Krasnoselkup,RU,2020-02-23 20:53:42,65.7,82.47,25.3,89,100,21.99
335,Dunda,TZ,2020-02-23 20:53:43,-8.12,34.25,68.07,95,100,0.25
336,Kushmurun,KZ,2020-02-23 20:53:43,52.45,64.63,9.07,97,64,6.26
337,Terney,RU,2020-02-23 20:53:43,45.05,136.61,15.33,76,100,4.99
338,Terra Santa,BR,2020-02-23 20:53:43,-2.1,-56.49,83.79,81,100,2.17
339,Shingu,JP,2020-02-23 20:53:43,33.73,135.98,46.24,66,0,6.22
340,Chokurdakh,RU,2020-02-23 20:51:53,70.63,147.92,-20.96,97,77,2.82
341,Svetlogorsk,BY,2020-02-23 20:53:44,52.63,29.73,36.27,89,100,9.89
342,Andover,GB,2020-02-23 20:53:44,51.21,-1.48,50.0,71,20,2.68
343,Reconquista,AR,2020-02-23 20:53:44,-29.15,-59.65,85.71,23,0,5.91
344,Sars,RU,2020-02-23 20:53:44,56.55,57.14,23.81,84,36,14.43
345,Nome,US,2020-02-23 20:53:45,64.5,-165.41,3.2,77,90,10.29
346,Sur,OM,2020-02-23 20:53:45,22.57,59.53,70.61,64,0,3.74
347,Ikongo,MG,2020-02-23 20:53:45,-21.88,47.43,72.52,99,79,1.68
348,Hauterive,FR,2020-02-23 20:53:45,46.09,3.45,51.8,50,25,3.36
349,Hay River,CA,2020-02-23 20:53:45,60.82,-115.8,-2.2,77,75,8.05
350,Tevaitoa,PF,2020-02-23 20:53:46,-16.78,-151.5,82.96,71,35,11.79
351,Amapa,BR,2020-02-23 20:53:46,1.0,-52.0,77.05,96,100,3.33
352,San Quintin,MX,2020-02-23 20:53:46,30.48,-115.95,60.78,70,0,20.98
353,Nazca,PE,2020-02-23 20:53:46,-14.83,-74.95,77.27,64,100,10.38
354,Loubomo,CG,2020-02-23 20:53:46,-4.2,12.67,73.65,95,44,2.33
355,Wollongong,AU,2020-02-23 20:53:47,-34.43,150.88,71.01,77,75,2.24
356,San Carlos De Bariloche,AR,2020-02-23 20:53:47,-41.15,-71.31,73.4,37,40,29.97
357,Brigantine,US,2020-02-23 20:53:47,39.41,-74.36,57.99,22,1,10.29
358,Greymouth,NZ,2020-02-23 20:53:47,-42.47,171.2,59.02,79,100,9.22
359,Asfi,MA,2020-02-23 20:53:47,32.3,-9.24,62.8,40,0,8.57
360,Moron,AR,2020-02-23 20:53:48,-34.65,-58.62,80.01,47,0,8.05
361,Port Arthur,CN,2020-02-23 20:53:48,38.8,121.27,39.2,80,86,4.47
362,Ballina,AU,2020-02-23 20:53:48,-28.87,153.57,68.0,94,90,2.59
363,Suba,PH,2020-02-23 20:53:48,10.84,121.01,79.36,80,10,28.05
364,Salinopolis,BR,2020-02-23 20:52:06,-0.61,-47.36,81.88,83,16,12.8
365,Kerteminde,DK,2020-02-23 20:53:49,55.45,10.66,39.2,93,20,19.46
366,Mount Gambier,AU,2020-02-23 20:53:49,-37.83,140.77,57.2,93,100,6.93
367,Menongue,AO,2020-02-23 20:53:49,-14.66,17.69,63.45,98,100,4.0
368,Shimoda,JP,2020-02-23 20:53:50,34.67,138.95,37.0,78,0,13.89
369,Parati,BR,2020-02-23 20:49:25,-23.22,-44.71,70.09,73,98,1.39
370,Aginskoye,RU,2020-02-23 20:53:50,51.1,114.53,5.52,84,0,6.76
371,Chauk,MM,2020-02-23 20:53:50,20.88,94.82,70.63,32,0,3.11
372,Port Hedland,AU,2020-02-23 20:53:51,-20.32,118.57,80.6,74,70,9.17
373,Sangar,RU,2020-02-23 20:53:51,63.92,127.47,-16.11,99,100,0.98
374,Flinders,AU,2020-02-23 20:53:51,-34.58,150.86,71.01,77,0,8.05
375,Padang,ID,2020-02-23 20:53:51,-0.95,100.35,69.89,84,0,6.46
376,Sinjar,IQ,2020-02-23 20:53:51,36.32,41.88,51.01,77,0,5.91
377,Awash,ET,2020-02-23 20:53:52,8.98,40.17,77.27,43,69,9.55
378,Bandarbeyla,SO,2020-02-23 20:53:52,9.49,50.81,78.08,75,100,16.04
379,North Platte,US,2020-02-23 20:53:52,41.12,-100.77,52.0,29,75,13.87
380,Galveston,US,2020-02-23 20:49:24,29.37,-94.97,71.01,82,75,21.92
381,Kimbe,PG,2020-02-23 20:53:53,-5.55,150.14,76.82,92,66,2.93
382,Vestmanna,FO,2020-02-23 20:53:53,62.16,-7.17,35.6,55,1,25.28
383,Saint-Francois,FR,2020-02-23 20:53:53,46.42,3.91,48.99,81,75,5.82
384,La Palma,US,2020-02-23 20:53:53,33.85,-118.05,66.99,59,40,3.36
385,Hervey Bay,AU,2020-02-23 20:53:54,-25.3,152.85,73.99,94,90,6.93
386,Kanniyakumari,IN,2020-02-23 20:53:54,8.08,77.57,79.45,82,47,28.16
387,Arman,RU,2020-02-23 20:53:54,59.7,150.17,-2.31,98,38,4.09
388,Severo-Yeniseyskiy,RU,2020-02-23 20:53:54,60.37,93.04,3.54,94,10,3.96
389,Ketchikan,US,2020-02-23 20:53:54,55.34,-131.65,39.2,73,90,4.7
390,Aykhal,RU,2020-02-23 20:53:55,66.0,111.5,5.0,84,100,6.71
391,East London,ZA,2020-02-23 20:51:58,-33.02,27.91,66.15,60,73,4.21
392,Puerto Madryn,AR,2020-02-23 20:52:02,-42.77,-65.04,73.49,41,0,18.5
393,San Jose,US,2020-02-23 20:52:24,37.34,-121.89,63.0,66,40,4.7
394,Sao Joao Da Barra,BR,2020-02-23 20:53:56,-21.64,-41.05,78.8,61,100,9.17
395,Mana,GF,2020-02-23 20:53:56,5.66,-53.78,78.48,79,90,5.93
396,Nyimba,ZM,2020-02-23 20:53:56,-14.56,30.81,70.48,92,56,2.93
397,Tabory,RU,2020-02-23 20:53:56,58.52,64.55,25.03,94,79,8.23
398,Nuevo Imperial,PE,2020-02-23 20:53:57,-13.08,-76.32,75.27,75,4,3.0
399,Sao Miguel Do Araguaia,BR,2020-02-23 20:53:57,-13.28,-50.16,80.65,87,100,2.26
400,Lewistown,US,2020-02-23 20:53:57,40.6,-77.57,57.99,14,1,10.29
401,Lower Burrell,US,2020-02-23 20:53:57,40.55,-79.76,53.01,21,90,10.29
402,Almas,RO,2020-02-23 20:53:58,46.28,22.23,45.19,67,100,9.78
403,Sao Teotonio,PT,2020-02-23 20:53:58,37.51,-8.71,62.01,63,0,0.25
404,Pingliang,CN,2020-02-23 20:53:58,35.54,106.69,35.89,85,85,5.7
405,San Cristobal,VE,2020-02-23 20:49:33,7.77,-72.22,82.4,58,40,4.7
406,Bignona,SN,2020-02-23 20:53:58,12.81,-16.23,80.6,74,100,6.93
407,Conceicao Do Araguaia,BR,2020-02-23 20:53:59,-8.26,-49.26,80.04,90,99,3.13
408,Pierre,US,2020-02-23 20:53:59,44.37,-100.35,41.0,52,1,13.87
409,Namibe,AO,2020-02-23 20:53:59,-15.2,12.15,74.35,78,100,7.16
410,Niquero,CU,2020-02-23 20:53:59,20.04,-77.58,79.25,61,78,7.07
411,Harwich,GB,2020-02-23 20:53:59,51.94,1.28,46.99,66,100,3.36
412,Vostok,RU,2020-02-23 20:54:00,46.49,135.88,5.68,92,100,3.89
413,Polunochnoye,RU,2020-02-23 20:54:00,60.87,60.42,24.44,84,0,11.7
414,Manaus,BR,2020-02-23 20:54:00,-3.1,-60.02,89.6,66,75,6.93
415,Barra Do Corda,BR,2020-02-23 20:51:16,-5.5,-45.25,77.45,90,42,1.86
416,Betong,TH,2020-02-23 20:54:00,5.77,101.07,65.93,99,31,3.56
417,Twante,MM,2020-02-23 20:54:01,16.72,95.93,75.2,78,24,5.82
418,Chake Chake,TZ,2020-02-23 20:54:01,-5.25,39.77,84.15,79,100,16.98
419,Hofn,IS,2020-02-23 20:52:06,64.25,-15.21,37.6,70,59,20.98
420,Tabuk,PH,2020-02-23 20:54:01,17.42,121.44,67.71,95,100,3.69
421,Rafaela,AR,2020-02-23 20:54:02,-31.25,-61.49,86.0,31,0,1.99
422,Rosita,NI,2020-02-23 20:54:02,13.93,-84.4,84.94,48,0,6.71
423,Champerico,GT,2020-02-23 20:54:02,14.3,-91.92,95.0,39,40,13.87
424,Parkersburg,US,2020-02-23 20:54:02,39.27,-81.56,54.0,27,90,10.29
425,Vestmannaeyjar,IS,2020-02-23 20:54:02,63.44,-20.27,40.78,63,100,27.31
426,Murindo,CO,2020-02-23 20:54:03,6.98,-76.75,82.04,63,99,3.4
427,Port Lincoln,AU,2020-02-23 20:54:03,-34.73,135.87,65.64,85,0,6.53
428,Joshimath,IN,2020-02-23 20:54:03,30.57,79.57,27.37,50,28,9.35
429,Sovetskiy,RU,2020-02-23 20:54:03,61.36,63.58,27.14,88,85,13.42
430,Bambanglipuro,ID,2020-02-23 20:54:03,-7.95,110.28,75.56,83,11,2.68
431,Kiomboi,TZ,2020-02-23 20:54:04,-4.27,34.37,64.62,93,100,2.68
432,Deputatskiy,RU,2020-02-23 20:54:04,69.3,139.9,-21.6,96,0,3.11
433,Curillo,CO,2020-02-23 20:54:04,1.03,-75.92,77.07,86,100,4.27
434,Pangody,RU,2020-02-23 20:54:04,65.85,74.49,24.85,89,99,22.66
435,Rock Sound,BS,2020-02-23 20:54:05,24.9,-76.2,68.95,65,0,17.58
436,Ixtapa,MX,2020-02-23 20:54:05,20.7,-105.2,81.0,78,75,9.17
437,General Jose Eduvigis Diaz,PY,2020-02-23 20:54:05,-27.17,-58.42,80.6,42,0,5.82
438,Ascension,US,2020-02-23 20:54:05,30.22,-90.9,71.6,46,75,8.05
439,Bam,IR,2020-02-23 20:54:06,29.11,58.36,66.18,25,13,10.25
440,Novaya Tavolzhanka,RU,2020-02-23 20:54:06,50.35,36.83,37.4,93,40,8.95
441,Idlib,SY,2020-02-23 20:54:06,35.93,36.63,53.6,81,75,5.82
442,Impfondo,CG,2020-02-23 20:54:06,1.64,18.07,80.19,64,91,3.67
443,Quatre Cocos,MU,2020-02-23 20:54:07,-20.21,57.76,77.0,88,40,3.36
444,Tombouctou,ML,2020-02-23 20:54:07,20.0,-3.0,80.82,10,40,13.49
445,Blackfoot,US,2020-02-23 20:54:07,43.19,-112.34,50.0,36,1,10.29
446,Inuvik,CA,2020-02-23 20:54:08,68.35,-133.72,-2.2,76,90,5.82
447,Mitsamiouli,KM,2020-02-23 20:54:08,-11.38,43.28,84.56,77,100,10.16
448,Srem,PL,2020-02-23 20:54:08,52.09,17.02,46.99,100,75,13.87
449,Angoram,PG,2020-02-23 20:54:08,-4.06,144.07,74.57,96,100,3.02
450,Kendari,ID,2020-02-23 20:54:09,-3.94,122.5,75.0,96,100,1.07
451,Coronado,US,2020-02-23 20:52:49,32.69,-117.18,66.0,59,40,10.29
452,Sao Gabriel Da Cachoeira,BR,2020-02-23 20:54:09,-0.13,-67.09,84.43,82,97,2.19
453,Scarborough,GB,2020-02-23 20:52:31,54.28,-0.4,41.0,74,1,11.41
454,Quzhou,CN,2020-02-23 20:54:10,28.96,118.87,51.73,88,100,3.87
455,Batemans Bay,AU,2020-02-23 20:50:48,-35.72,150.18,64.99,94,50,4.0
456,Kalianget,ID,2020-02-23 20:54:10,-7.05,113.93,79.52,83,64,5.7
457,Ljungby,SE,2020-02-23 20:54:10,56.83,13.94,41.0,86,90,11.41
458,Oranjemund,NA,2020-02-23 20:54:11,-28.55,16.43,70.03,56,0,10.25
459,Comodoro Rivadavia,AR,2020-02-23 20:50:02,-45.87,-67.5,66.2,59,4,13.87
460,Fortuna,US,2020-02-23 20:54:11,40.6,-124.16,59.0,76,90,5.01
461,Benin,BJ,2020-02-23 20:54:11,9.5,2.25,81.81,17,0,5.39
462,Micheweni,TZ,2020-02-23 20:54:11,-4.97,39.83,84.06,80,100,15.59
463,Mandeville,JM,2020-02-23 20:54:12,18.04,-77.51,82.4,69,20,18.34
464,Berlevag,NO,2020-02-23 20:54:12,70.86,29.09,30.2,92,75,3.36
465,Road Town,VG,2020-02-23 20:54:12,18.42,-64.62,82.4,65,20,5.82
466,Port Keats,AU,2020-02-23 20:54:12,-14.25,129.55,84.06,78,19,10.2
467,Presidente Medici,BR,2020-02-23 20:54:13,-11.18,-61.9,68.54,99,100,1.32
468,Reims,FR,2020-02-23 20:54:13,49.17,4.08,53.6,93,90,10.29
469,Kavadarci,MK,2020-02-23 20:53:26,41.43,22.01,37.4,69,84,0.85
470,Coquimbo,CL,2020-02-23 20:51:58,-29.95,-71.34,66.2,68,49,14.99
471,Sinnamary,GF,2020-02-23 20:54:13,5.38,-52.95,78.96,81,87,15.17
472,College,US,2020-02-23 20:54:14,64.86,-147.8,0.0,83,40,3.36
473,Nabire,ID,2020-02-23 20:54:14,-3.37,135.48,72.88,99,97,0.89
474,Bonfim,BR,2020-02-23 20:54:14,3.08,-59.95,96.6,34,100,10.54
475,Saint George,US,2020-02-23 20:50:22,37.1,-113.58,57.0,41,0,17.22
476,Omsukchan,RU,2020-02-23 20:54:14,62.53,155.8,-18.36,100,79,1.01
477,Camacha,PT,2020-02-23 20:54:15,33.08,-16.33,68.0,82,20,23.04
478,Tautira,PF,2020-02-23 20:54:15,-17.73,-149.15,87.8,66,20,16.11
479,Cayenne,GF,2020-02-23 20:54:15,4.93,-52.33,82.4,74,90,12.75
480,Lasa,IT,2020-02-23 20:54:15,46.62,10.7,50.0,37,100,16.11
481,Sungaipenuh,ID,2020-02-23 20:54:15,-2.08,101.38,63.14,98,85,3.27
482,Koge,DK,2020-02-23 20:54:16,55.46,12.18,39.99,80,37,16.11
483,Kieta,PG,2020-02-23 20:51:58,-6.22,155.63,81.63,74,37,4.47
484,Wanlaweyn,SO,2020-02-23 20:54:16,2.62,44.89,77.61,72,45,16.35
485,Sudbury,CA,2020-02-23 20:54:16,46.49,-80.99,39.2,64,40,19.46
486,Mabaruma,GY,2020-02-23 20:54:16,8.2,-59.78,78.93,93,12,3.96
487,Clyde River,CA,2020-02-23 20:54:17,70.47,-68.59,-20.2,75,75,13.87
488,Gorom-Gorom,BF,2020-02-23 20:54:17,14.44,-0.24,82.99,8,0,10.51
489,Mayo,US,2020-02-23 20:54:17,38.89,-76.51,60.01,22,1,5.82
490,Khasan,RU,2020-02-23 20:54:17,42.43,130.64,28.96,63,26,4.21
491,Uusikaupunki,FI,2020-02-23 20:54:18,60.8,21.41,35.6,64,90,6.93
492,Ulaangom,MN,2020-02-23 20:54:18,49.98,92.07,7.47,97,100,1.9
493,Mahajanga,MG,2020-02-23 20:54:18,-15.72,46.32,77.0,94,20,6.93
494,Mosetse,BW,2020-02-23 20:54:18,-20.75,26.65,69.82,78,100,22.91
495,Macusani,PE,2020-02-23 20:54:18,-14.08,-70.43,43.59,85,92,6.11
496,Natal,BR,2020-02-23 20:51:33,-5.79,-35.21,86.0,79,20,17.22
497,Labuhan,ID,2020-02-23 20:54:19,-6.88,112.21,74.53,94,0,3.24
498,Ranapur,IN,2020-02-23 20:54:19,22.65,74.53,63.37,42,0,5.55
499,Mikhaylovka,RU,2020-02-23 20:54:20,50.06,43.24,34.0,95,100,1.01
500,Purpe,RU,2020-02-23 20:54:20,64.48,76.69,19.99,92,100,3.0
501,Ambulu,ID,2020-02-23 20:54:20,-8.35,113.61,80.02,80,0,5.46
502,Tiksi,RU,2020-02-23 20:54:20,71.69,128.87,-8.19,87,100,7.85
503,Seoul,KR,2020-02-23 20:51:29,37.57,126.98,33.8,86,1,1.12
504,North Bend,US,2020-02-23 20:54:21,43.41,-124.22,50.0,61,90,8.05
505,Ekibastuz,KZ,2020-02-23 20:54:21,51.67,75.37,12.27,94,61,6.4
506,Pilot Butte,CA,2020-02-23 20:54:21,50.47,-104.42,36.0,87,75,11.41
507,Hami,CN,2020-02-23 20:54:21,42.8,93.45,28.92,59,65,0.63
508,Guaruja,BR,2020-02-23 20:52:25,-23.99,-46.26,77.0,77,75,13.87
509,Gat,IL,2020-02-23 20:54:22,31.61,34.76,57.2,76,40,2.24
510,Tsurugi,JP,2020-02-23 20:54:22,36.45,136.63,39.99,86,40,8.05
511,Kintampo,GH,2020-02-23 20:54:22,8.06,-1.73,85.84,27,37,1.3
512,Reporoa,NZ,2020-02-23 20:54:23,-38.43,176.35,71.01,50,10,4.0
513,Languyan,PH,2020-02-23 20:54:23,5.26,120.08,80.37,79,29,12.44
514,Belaya Gora,RU,2020-02-23 20:50:06,68.53,146.42,-13.63,97,100,3.2
515,Stornoway,GB,2020-02-23 20:54:23,58.21,-6.39,34.0,86,15,4.7
516,Buala,SB,2020-02-23 20:54:24,-8.14,159.59,81.45,81,10,3.96
517,Acapulco,MX,2020-02-23 20:54:24,16.86,-99.89,84.2,74,5,12.75
518,San Angelo,US,2020-02-23 20:54:24,31.46,-100.44,62.01,67,40,10.29
519,Kingman,US,2020-02-23 20:54:24,35.19,-114.05,68.0,62,1,5.82
520,Sao Cristovao,BR,2020-02-23 20:54:25,-11.01,-37.21,86.0,70,20,14.99
521,Tocopilla,CL,2020-02-23 20:54:25,-22.09,-70.2,69.71,45,0,13.13
522,Manyana,BW,2020-02-23 20:54:25,-23.4,21.72,70.3,72,100,8.01
523,Humaita,BR,2020-02-23 20:54:25,-7.51,-63.02,79.72,82,100,2.1
524,Riyadh,SA,2020-02-23 20:50:31,24.69,46.72,71.6,53,100,5.82
525,Nhulunbuy,AU,2020-02-23 20:54:26,-12.23,136.77,84.2,79,40,12.75
526,Darab,IR,2020-02-23 20:54:26,28.75,54.54,57.87,46,42,1.39
527,Beyneu,KZ,2020-02-23 20:54:26,45.32,55.2,41.58,88,100,17.85
528,Aden,YE,2020-02-23 20:52:58,12.78,45.04,75.15,71,56,7.65
529,Inverell,AU,2020-02-23 20:54:27,-29.78,151.12,64.99,95,85,3.0
530,Masuda,JP,2020-02-23 20:54:27,34.67,131.85,37.4,69,20,5.82
531,Semey,KZ,2020-02-23 20:54:27,50.41,80.23,11.21,97,89,3.98
532,Bowen,AU,2020-02-23 20:54:27,-20.02,148.23,75.99,94,90,13.87
533,Roald,NO,2020-02-23 20:54:27,62.58,6.13,37.4,64,75,11.41
534,Fort Nelson,CA,2020-02-23 20:54:28,58.81,-122.7,23.0,53,20,4.7
535,Northam,GB,2020-02-23 20:54:28,51.03,-4.22,50.0,81,75,2.24
536,Aquitania,CO,2020-02-23 20:54:28,5.52,-72.89,55.92,87,100,2.77
537,Torbat-E Jam,IR,2020-02-23 20:54:28,35.24,60.62,48.04,78,0,4.21
538,Ferkessedougou,CI,2020-02-23 20:54:28,9.6,-5.2,84.27,16,0,2.8
539,Imbituba,BR,2020-02-23 20:54:29,-28.24,-48.67,77.0,61,75,9.17
540,Port Augusta,AU,2020-02-23 20:54:29,-32.5,137.77,73.0,83,0,4.7
541,Kibala,TD,2020-02-23 20:54:29,9.11,18.35,86.0,20,0,4.72
542,Ouargaye,BF,2020-02-23 20:54:29,11.5,0.06,87.55,11,0,13.94
543,Amaigbo,NG,2020-02-23 20:54:29,5.79,7.84,80.26,56,65,9.26
544,Sabha,LY,2020-02-23 20:54:30,27.04,14.43,52.43,43,0,8.25
545,Miravci,MK,2020-02-23 20:54:30,41.31,22.43,41.0,83,68,1.01
546,Omboue,GA,2020-02-23 20:54:30,-1.57,9.26,77.14,94,100,3.51
547,Jambi,ID,2020-02-23 20:54:30,-1.6,103.62,73.04,96,0,3.56
548,Soe,ID,2020-02-23 20:54:30,-9.86,124.28,74.71,89,3,3.6
549,Roros,NO,2020-02-23 20:54:31,62.57,11.38,24.8,85,40,11.41
550,Beroroha,MG,2020-02-23 20:54:31,-21.67,45.17,72.21,97,78,0.83
551,Odoyev,RU,2020-02-23 20:54:31,53.94,36.69,31.3,88,39,9.66
552,Belmonte,BR,2020-02-23 20:54:32,-15.86,-38.88,86.0,79,40,5.82
553,Linqing,CN,2020-02-23 20:54:32,36.85,115.71,48.51,78,100,5.88
554,Karoi,ZW,2020-02-23 20:54:32,-16.81,29.69,67.96,90,76,5.97
555,Viedma,AR,2020-02-23 20:54:32,-40.81,-63.0,90.43,22,0,19.86
556,Listvyanskiy,RU,2020-02-23 20:54:32,54.44,83.5,12.34,98,61,0.43
557,Labytnangi,RU,2020-02-23 20:54:33,66.66,66.42,27.7,85,100,21.61
558,Asau,RO,2020-02-23 20:52:01,46.43,26.4,50.0,79,75,8.05
559,Kirakira,SB,2020-02-23 20:54:33,-10.45,161.92,79.66,84,5,5.55
560,Trairi,BR,2020-02-23 20:52:05,-3.28,-39.27,76.59,89,99,2.53
561,Jiblah,YE,2020-02-23 20:54:33,13.92,44.15,66.87,65,18,1.14
562,Chiredzi,ZW,2020-02-23 20:54:34,-21.05,31.67,71.37,75,100,14.0
563,Gushikawa,JP,2020-02-23 20:54:34,26.35,127.87,60.8,77,20,3.36
564,Montorio Al Vomano,IT,2020-02-23 20:54:34,42.58,13.64,50.0,81,16,1.12
